currency,trade_date,commentary
AUD,2025-10-03,"The most significant trade in AUD on 2025-10-03 was in the Z5 → 2030-12-17 tenor, with a DV01 of approximately $103k, indicating a focus on the long end of the curve. The concentration of DV01 in the 3-5Y and 0-2Y buckets suggests a balanced approach between near-term and medium-term maturities, possibly for liability management purposes. The preference for structures maturing in 2030 and 2035, along with the average DV01 per trade of $16k, indicates a strategic positioning for duration risk and potential relative value opportunities in the Australian rates market."
CAD,2025-10-03,"The most significant activity in the CAD swap market on 2025-10-03 was concentrated in the 1Y → 3Y tenor bucket, with a DV01 of approximately 4k USD, indicating a focus on the short to medium-term part of the curve. The lack of DV01 in the longer tenors such as 10-15Y suggests a preference for shorter duration exposure, possibly for liability management or to capitalize on specific market views in the near term. The trading patterns, with the majority of DV01 in the 1Y → 3Y maturity cluster, reflect a strategic positioning towards the front end of the curve, potentially driven by expectations of interest rate movements or relative value opportunities in the shorter tenors."
CHF,2025-10-03,"The most significant trade on 2025-10-03 in CHF was in the Z5 → 2035-12-17 tenor, with a DV01 of approximately $46k, indicating a focus on the long end of the curve for duration risk management. The concentration of DV01 in the 10-15Y and 7-10Y buckets, along with the most traded structures in the Z5 → 2035-12-17 and Z5 → Z35, suggests a strategic positioning for capturing yield in the intermediate to long tenors, potentially for liability matching or relative value plays. The distribution of DV01 across maturity clusters, with a significant amount in 2035, further reinforces the market's preference for."
CZK,2025-10-03,"The most significant trade in CZK on 2025-10-03 was in the Z5 → 2030-12-17 tenor, with a DV01 of approximately $751k, indicating a focus on the long end of the curve. The concentration of DV01 in the 3-5Y, 0-9M, and 0-2Y buckets suggests a strategy of managing liabilities across various tenors, potentially to optimize funding costs or duration exposure. The preference for the Z5 → 2030-12-17 structure, along with the maturity clusters in 2030, 2027, and 2026, may reflect a market positioning for duration or yield curve steepening, highlighting a strategic emphasis."
EUR,2025-10-03,"The most significant structure in today's EUR swap activity is the Spot → 10Y tenor, with a DV01 of approximately $1. 499MM, indicating a focus on the mid to long end of the curve. The concentration of DV01 in the 7-10Y, 20-30Y, and 3-5Y tenor buckets suggests a strategic positioning for duration risk, potentially for liability management or relative value strategies."
GBP,2025-10-03,"The most significant structure on 2025-10-15 with a 10-year tenor, carrying approximately 342k DV01, indicates a focus on the long end of the curve for GBP swaps. The concentration of DV01 in the 7-10Y, 10-15Y, and 20-30Y buckets, with the top tenor buckets being 7-10Y and 10-15Y, suggests a strategic positioning towards the mid to long end of the curve, possibly for duration extension or yield curve steepening plays. The preference for longer maturities such as 2035, 2036, and 2055, consistent with the significant DV01 in those clusters, implies a market strategy geared."
HKD,2025-10-03,"The most significant trade in HKD on 2025-10-03 was a H6 → 2031-03-18 structure with a DV01 of approximately $42k, indicating a focus on the long end of the curve. The concentration of DV01 in the 3-5Y bucket (~74k DV01) suggests a strategic positioning for duration risk, potentially for liability management or relative value strategies. The lack of DV01 in the 0-9M bucket implies a reduced focus on short-term rate movements, consistent with a longer-term view on interest rate dynamics in the HKD market."
HUF,2025-10-03,"The most significant trade in HUF on 2025-10-03 was a Z5 → 2028-12-17 structure with a DV01 of approximately $10. 264MM, indicating a focus on the long end of the curve. The concentration of DV01 in the 3-5Y bucket (~13."
ILS,2025-10-03,"The most significant trade in ILS on 2025-10-03 was the Z5 → 2030-12-17 structure with a DV01 of approximately $56k, indicating a focus on the long end of the curve. The concentration of DV01 in the 0-2Y, 3-5Y, and 7-10Y tenor buckets suggests a balanced approach to duration risk, possibly reflecting a strategy of liability management or relative value positioning across different maturity segments. The clustering of DV01 in the 2026, 2030, and 2035 maturities further reinforces the market's emphasis on these specific tenors, indicating a preference for certain points on the curve for hedging or investment."
INR,2025-10-03,"The INR swap activity on 2025-10-03 was concentrated in the Spot → 5Y tenor, with a significant DV01 of around 61k USD, indicating a focus on the mid part of the curve. The top three tenor buckets by DV01 were 3-5Y, 0-2Y, and 0-9M, suggesting a balanced approach across short, medium, and long-term maturities, possibly for liability management purposes or to capitalize on relative value opportunities. The emphasis on the 3-5Y bucket, with the highest DV01, aligns with the market strategy of positioning for medium-term interest rate movements, while the presence of trades in the 0-9M."
JPY,2025-10-03,"The most significant trade in JPY on 2025-10-03 was the Z5 → 2029-12-17 structure, with a DV01 of approximately 3. 990MM USD, indicating a focus on the long end of the curve. The concentration of DV01 in the 3-5Y and 5-7Y tenor buckets, along with the top traded structures in these buckets, suggests a strategic positioning for duration and yield curve steepening plays."
KRW,2025-10-03,"The largest trade in KRW on 2025-10-03 was in the Z6 → 2027-12-16 structure, with a DV01 of approximately $23. 326 million, indicating a significant focus on the long end of the curve. The concentration of DV01 in the 0-2Y tenor bucket suggests a preference for shorter-dated maturities, possibly for liability management or to capitalize on specific market views."
MYR,2025-10-03,"The most significant trade in MYR on 2025-10-03 was in the Spot → 5Y tenor, with a DV01 of approximately 5k USD, indicating a focus on the belly of the curve. The concentration of activity in the 3-5Y tenor buckets, consistent with the top traded structure, suggests a strategic positioning for medium-term interest rate risk exposure. With a strong emphasis on the 2030 maturity cluster, market participants may be targeting specific points on the curve for liability management or relative value plays in the MYR rates market."
NOK,2025-10-03,"The most significant structure in NOK swap activity on 2025-10-03 was the Spot → 10Y trade with a DV01 of approximately $108k, indicating a focus on the long end of the curve. The concentration of DV01 in the 0-2Y, 7-10Y, and 10-15Y tenor buckets suggests a strategy of managing near-term liquidity needs while also positioning for potential interest rate movements in the medium to long term. The preference for the 2035 and 2027 maturities, along with the significant DV01 in the 10-15Y bucket, indicates a market view that may be hedging against interest rate risk in the medium to long term while potentially seeking."
NZD,2025-10-03,"The most significant trade on 2025-10-03 in NZD was in the Spot → 5Y tenor, with a DV01 of approximately 93k USD, indicating a focus on the belly of the curve. The concentration of DV01 in the 3-5Y and 0-2Y buckets suggests a preference for medium-term maturities, possibly for liability management or relative value purposes. The clustering of DV01 in 2030, 2027, and 2026 maturities further reinforces this strategy, highlighting a balanced approach to risk and return in the NZD rates market."
PLN,2025-10-03,"The most significant structure in today's PLN swap activity is the Spot → 5Y tenor, with a DV01 of approximately $128k, indicating a focus on the front end of the curve. The concentration of DV01 in the 7-10Y and 3-5Y tenor buckets, along with the most traded structures being Spot → 5Y and Spot → 7Y, suggests a strategy of managing duration risk and potentially exploiting relative value opportunities in the intermediate part of the curve. The maturity clusters in 2030, 2032, and 2035 further reinforce this positioning, highlighting a preference for medium-term maturities in today's trading activity."
SEK,2025-10-03,"The most significant trade in SEK on 2025-10-03 was a Z5 → Z0 structure with a DV01 of approximately $287k, indicating a focus on the belly of the curve. The concentration of DV01 in the 5-7Y and 0-2Y tenor buckets, along with the most traded structures in the 5Y area, suggests a preference for positioning in the medium term, possibly for liability management purposes. The activity in the 10-15Y bucket, while substantial, may indicate a relative value play or a hedging strategy against longer-dated risks, reflecting a nuanced approach to managing interest rate exposure in the SEK market."
SGD,2025-10-03,"The most significant activity in the SGD swap market on 2025-10-03 was concentrated in the 5Y to 10Y tenor bucket, with a DV01 of approximately $16k, indicating a focus on the mid to long end of the curve. The distribution of DV01 across other key buckets, such as 3-5Y and 7-10Y, suggests a balanced approach to duration risk, possibly reflecting a strategy of managing liabilities across different maturity profiles. The preference for structures like 5Y to 10Y and maturities in 2035 and 2027 highlights a potential search for relative value opportunities or a hedging strategy against specific interest rate scenarios in the SGD market."
THB,2025-10-03,"The most significant trade in THB on 2025-10-03 was a Z5 → 2030-12-17 swap with a DV01 of approximately $31k, indicating a focus on the long end of the curve. The concentration of DV01 in the 3-5Y bucket (~58k DV01) suggests a strategic positioning for duration risk, while the presence of trades in the 0-2Y and 2-3Y buckets indicates a nuanced approach to managing yield curve exposure. This activity may reflect a combination of hedging long-dated liabilities, exploiting relative value opportunities in the mid-term segment, and positioning for potential shifts in interest rate expectations."
TRY,2025-10-03,"The most significant structure in today's TRY swap activity is the Spot → 1Y tenor, with a DV01 of approximately $357k, indicating a focus on the short end of the curve. The concentration of DV01 in the 0-9M and 0-2Y buckets, totaling around $1. 131MM, suggests a preference for shorter tenors, possibly for liability management or to capitalize on any potential yield curve steepening."
TWD,2025-10-03,"The most significant trade in TWD on 2025-10-03 was a Z5 → 2030-12-17 swap with a DV01 of approximately 8k USD, indicating a focus on the long end of the curve. The concentration of DV01 in the 3-5Y and 0-2Y tenor buckets suggests a balanced approach to duration risk, possibly reflecting a strategy of managing both short-term and medium-term liabilities. The preference for structures maturing in 2030 and 2027, each with around 8k DV01, indicates a strategic positioning for duration exposure in line with market expectations for interest rate movements."
USD,2025-10-03,"The most significant structure in today's USD swap activity is the Spot → 10Y tenor, with a DV01 of approximately $336k, indicating a focus on the long end of the curve for duration risk management. The concentration of DV01 in the 20-30Y, 7-10Y, and 3-5Y tenor buckets suggests a balanced approach to managing interest rate exposure across different maturities, consistent with a strategy aimed at optimizing relative value opportunities and liability matching. Trades show in the Spot → 10Y and Spot → 5Y structures, along with the distribution of DV01 across various maturity clusters, highlights a nuanced approach to hedging and positioning in the current interest rate environment, reflecting."
ZAR,2025-10-03,"The most significant trade in ZAR on 2025-10-03 was a H6 → H1 structure with a DV01 of approximately $416k, indicating a focus on the belly of the curve. The concentration of DV01 in the 5-7Y, 0-2Y, and 3-5Y tenor buckets suggests a balanced approach to duration risk, possibly reflecting a strategy of managing both short-term and medium-term liabilities while seeking relative value opportunities. The preference for maturity clusters in 2031, 2030, and 2028 further reinforces the market's positioning towards these tenors, potentially driven by hedging needs or expectations of yield curve movements in the near to medium term."
